<?xml version="1.0" encoding="UTF-8"?>
<!DOCTYPE suite SYSTEM "http://testng.org/testng-1.0.dtd">
<suite name="Gitlab Automation Test Suite">

	<test name="Gitlab Automation Test Cases">
		<classes>
			<class name="com.gitlab.qa.testcases.LoginPageTest"></class>
			<class name="com.gitlab.qa.testcases.HomePageTest"></class>
			
			<class name="com.gitlab.qa.testcases.BlankProjectTest"></class>
			<!-- <class name="com.gitlab.qa.testcases.RegistrationPageTest"></class> -->
		</classes>
	</test>
</suite>